asiakas_id,asiakas_nimi,yhteyshenkilo,toimiala,segmentti,maa,liittymispvm
ASK001,Metsä Palvelut Oy,Juha,Rahoitus,Kasvuyritys,Suomi,2024-01-25
ASK002,Reitti Teknologia Oy,Matti,Energia,Pk-yritys,Suomi,2022-08-12
ASK003,Maa Partners Oy,Ville,Ohjelmistokehitys,Pk-yritys,Ruotsi,2023-12-20
ASK004,Aalto Systems Oy,Pekka,Matkailu,Pk-yritys,Norja,2022-01-07
ASK005,Aalto Solutions Oy,Juha,Rakentaminen,Kasvuyritys,Viro,2022-12-11
ASK006,Pohjan Works Oy,Mikko,Vähittäiskauppa,Kasvuyritys,Suomi,2022-09-28
ASK007,Kantri Digital Oy,Antti,Vähittäiskauppa,Startup,Suomi,2023-07-20
ASK008,Silta Labs Oy,Matti,Koulutus,Pk-yritys,Ruotsi,2022-02-16
ASK009,Suomen Teknologia Oy,Jari,Terveydenhuolto,Startup,Suomi,2023-04-10
ASK010,Valo Solutions Oy,Liisa,Koulutus,Kasvuyritys,Suomi,2023-12-01
ASK011,Silta Logistics Oy,Maria,Logistiikka,Pk-yritys,Suomi,2023-04-19
ASK012,Pilvi Labs Oy,Mikko,Konsultointi,Pk-yritys,Suomi,2022-11-29
ASK013,Kivi Network Oy,Sanna,Ohjelmistokehitys,Pk-yritys,Suomi,2022-03-09
ASK014,Portti Labs Oy,Elina,Rahoitus,Kasvuyritys,Ruotsi,2023-02-10
ASK015,Rannikko Group Oy,Heidi,Logistiikka,Kasvuyritys,Suomi,2022-09-27
ASK016,Aalto Labs Oy,Riikka,Energia,Kasvuyritys,Suomi,2022-05-22
ASK017,Tuuli Teknologia Oy,Timo,Ohjelmistokehitys,Startup,Suomi,2022-06-13
ASK018,Silta Teknologia Oy,Hanna,Media,Kasvuyritys,Viro,2023-06-26
ASK019,Reitti Network Oy,Hanna,Ohjelmistokehitys,Pk-yritys,Suomi,2023-07-04
ASK020,Itä Teknologia Oy,Hanna,Rakentaminen,Pk-yritys,Suomi,2024-01-10
ASK021,Maa Trading Oy,Antti,Logistiikka,Pk-yritys,Suomi,2023-10-03
ASK022,Maa Partners Oy,Riikka,Terveydenhuolto,Kasvuyritys,Norja,2023-07-07
ASK023,Nordic Partners Oy,Antti,Koulutus,Pk-yritys,Suomi,2023-01-07
ASK024,Kivi Palvelut Oy,Sami,Terveydenhuolto,Startup,Tanska,2022-03-29
ASK025,Pohjan Trading Oy,Ville,Elintarvike,Pk-yritys,Suomi,2023-05-02
ASK026,Valo Group Oy,Ville,Elintarvike,Startup,Suomi,2022-08-05
ASK027,Tähti Consulting Oy,Elina,Rakentaminen,Kasvuyritys,Ruotsi,2023-01-18
ASK028,Maa Yhtiö Oy,Heidi,Vähittäiskauppa,Kasvuyritys,Suomi,2022-01-22
ASK029,Reitti Systems Oy,Mikko,Energia,Kasvuyritys,Suomi,2023-10-09
ASK030,Kivi Teknologia Oy,Hanna,Ohjelmistokehitys,Startup,Suomi,2022-09-01
ASK031,Tuuli Systems Oy,Heidi,Elintarvike,Enterprise,Tanska,2023-08-08
ASK032,Tuuli Systems Oy,Timo,Matkailu,Pk-yritys,Suomi,2022-04-10
ASK033,Länsi Works Oy,Juha,Media,Pk-yritys,Ruotsi,2023-11-21
ASK034,Arctic Works Oy,Sanna,Rahoitus,Kasvuyritys,Tanska,2022-09-12
ASK035,Tähti Digital Oy,Matti,Matkailu,Enterprise,Suomi,2023-04-19
ASK036,Pohjan Yhtiö Oy,Aino,Elintarvike,Enterprise,Ruotsi,2023-07-08
ASK037,Pohjan Labs Oy,Maria,Terveydenhuolto,Kasvuyritys,Suomi,2022-08-07
ASK038,Arctic Ratkaisut Oy,Elina,Media,Enterprise,Suomi,2024-03-13
ASK039,Suomen Works Oy,Sami,Rahoitus,Startup,Viro,2023-07-24
ASK040,Rannikko Systems Oy,Ville,Rakentaminen,Kasvuyritys,Suomi,2024-01-24
ASK041,Arctic Consulting Oy,Riikka,Koulutus,Enterprise,Suomi,2023-05-30
ASK042,Valo Palvelut Oy,Liisa,Elintarvike,Enterprise,Suomi,2023-09-02
ASK043,Kivi Works Oy,Jukka,Vähittäiskauppa,Startup,Suomi,2023-08-16
ASK044,Arctic Partners Oy,Kirsi,Vähittäiskauppa,Pk-yritys,Suomi,2023-06-20
ASK045,Pilvi Systems Oy,Anna,Konsultointi,Pk-yritys,Suomi,2023-02-10
ASK046,Suomen Yhtiö Oy,Elina,Koulutus,Startup,Tanska,2022-01-10
ASK047,Silta Partners Oy,Anna,Vähittäiskauppa,Enterprise,Suomi,2022-09-29
ASK048,Länsi Labs Oy,Elina,Vähittäiskauppa,Startup,Suomi,2022-06-11
ASK049,Reitti Consulting Oy,Riikka,Rakentaminen,Pk-yritys,Viro,2023-11-01
ASK050,Nordic Logistics Oy,Anna,Elintarvike,Kasvuyritys,Ruotsi,2024-06-18
ASK051,Pilvi Teknologia Oy,Jukka,Vähittäiskauppa,Pk-yritys,Suomi,2022-10-16
ASK052,Tähti Consulting Oy,Riikka,Koulutus,Kasvuyritys,Ruotsi,2022-09-28
ASK053,Tuuli Group Oy,Mikko,Ohjelmistokehitys,Enterprise,Suomi,2022-10-11
ASK054,Nordic Solutions Oy,Elina,Logistiikka,Pk-yritys,Suomi,2024-01-30
ASK055,Reitti Consulting Oy,Anna,Media,Pk-yritys,Suomi,2023-12-09
ASK056,Reitti Palvelut Oy,Mikko,Koulutus,Pk-yritys,Suomi,2022-05-11
ASK057,Suomen Solutions Oy,Juha,Ohjelmistokehitys,Startup,Suomi,2022-09-13
ASK058,Länsi Trading Oy,Anna,Elintarvike,Startup,Suomi,2023-09-28
ASK059,Kivi Network Oy,Aino,Logistiikka,Startup,Norja,2023-02-27
ASK060,Valo Consulting Oy,Matti,Koulutus,Pk-yritys,Suomi,2023-11-17
