tapahtuma_id,asiakas_id,pvm,summa_eur,tuote,kanava
TX00752,ASK043,2024-01-02,526.95,Ylläpitosopimus,Suoramyynti
TX00101,ASK006,2024-01-03,2043.6,Ylläpitosopimus,Suoramyynti
TX00135,ASK010,2024-01-03,1636.4,Koulutus,Jälleenmyyjä
TX00460,ASK031,2024-01-04,7841.02,Ylläpitosopimus,Suoramyynti
TX00921,ASK053,2024-01-05,6095.95,Peruslisenssi,Verkkokauppa
TX00952,ASK055,2024-01-06,646.76,Tukipalvelu,Suoramyynti
TX00384,ASK027,2024-01-09,3464.84,Lisäkäyttäjät,Suoramyynti
TX00523,ASK034,2024-01-10,2997.22,Premium-lisenssi,Suoramyynti
TX00983,ASK059,2024-01-12,349.09,API-käyttö,Suoramyynti
TX00065,ASK005,2024-01-13,3472.63,Datapaketti,Suoramyynti
TX00660,ASK039,2024-01-13,544.1,Integraatio,Suoramyynti
TX00305,ASK020,2024-01-15,1319.85,Peruslisenssi,Suoramyynti
TX00202,ASK014,2024-01-17,1284.56,Peruslisenssi,Suoramyynti
TX00310,ASK021,2024-01-17,999.39,Ylläpitosopimus,Suoramyynti
TX00473,ASK031,2024-01-17,3749.4,Premium-lisenssi,Suoramyynti
TX00502,ASK032,2024-01-17,565.11,Ylläpitosopimus,Verkkokauppa
TX00078,ASK005,2024-01-18,1021.49,Konsultointi,Suoramyynti
TX00865,ASK051,2024-01-21,316.44,Premium-lisenssi,Suoramyynti
TX00113,ASK008,2024-01-22,1429.5,Koulutus,Verkkokauppa
TX00469,ASK031,2024-01-24,9725.77,Datapaketti,Verkkokauppa
TX00011,ASK001,2024-01-26,2404.54,API-käyttö,Verkkokauppa
TX00682,ASK040,2024-01-26,862.68,Peruslisenssi,Suoramyynti
TX00964,ASK056,2024-01-26,1326.26,Integraatio,Verkkokauppa
TX00546,ASK035,2024-01-27,2525.91,API-käyttö,Suoramyynti
TX00731,ASK042,2024-01-27,4382.91,Konsultointi,Suoramyynti
TX00832,ASK049,2024-01-27,1026.82,Koulutus,Suoramyynti
TX00738,ASK042,2024-01-29,7497.97,Integraatio,Kumppani
TX00207,ASK014,2024-02-01,917.07,Datapaketti,Jälleenmyyjä
TX00102,ASK006,2024-02-03,1469.98,Koulutus,Verkkokauppa
TX00613,ASK037,2024-02-03,2177.13,Integraatio,Jälleenmyyjä
TX00170,ASK012,2024-02-04,938.1,Tukipalvelu,Suoramyynti
TX00474,ASK031,2024-02-04,5416.17,Peruslisenssi,Suoramyynti
TX00764,ASK044,2024-02-04,605.04,Integraatio,Suoramyynti
TX00149,ASK011,2024-02-06,982.43,Konsultointi,Verkkokauppa
TX00142,ASK010,2024-02-07,1129.04,Ylläpitosopimus,Suoramyynti
TX00324,ASK022,2024-02-07,3160.66,Konsultointi,Suoramyynti
TX00263,ASK018,2024-02-08,904.32,Koulutus,Suoramyynti
TX00428,ASK028,2024-02-08,3678.86,Tukipalvelu,Suoramyynti
TX00984,ASK059,2024-02-12,102.26,Ylläpitosopimus,Suoramyynti
TX00246,ASK016,2024-02-13,2133.35,Datapaketti,Kumppani
TX00333,ASK022,2024-02-13,3074.88,Integraatio,Verkkokauppa
TX00288,ASK019,2024-02-14,740.7,Konsultointi,Kumppani
TX00475,ASK031,2024-02-15,5058.35,Konsultointi,Verkkokauppa
TX00392,ASK027,2024-02-16,846.08,Integraatio,Jälleenmyyjä
TX00501,ASK032,2024-02-16,918.15,Konsultointi,Verkkokauppa
TX00882,ASK052,2024-02-16,751.34,Tukipalvelu,Verkkokauppa
TX00325,ASK022,2024-02-18,3525.19,Integraatio,Suoramyynti
TX00195,ASK014,2024-02-21,3269.21,Konsultointi,Kumppani
TX00421,ASK028,2024-02-21,2890.26,API-käyttö,Suoramyynti
TX00812,ASK047,2024-02-21,9236.05,Konsultointi,Suoramyynti
TX00007,ASK001,2024-02-22,1093.71,Koulutus,Suoramyynti
TX00091,ASK006,2024-02-22,1538.03,Datapaketti,Suoramyynti
TX00124,ASK009,2024-02-22,191.6,API-käyttö,Suoramyynti
TX00223,ASK015,2024-02-22,3857.61,Ylläpitosopimus,Suoramyynti
TX00401,ASK027,2024-02-22,2610.62,Tukipalvelu,Verkkokauppa
TX00272,ASK018,2024-02-23,3277.1,Integraatio,Suoramyynti
TX00687,ASK041,2024-02-23,3252.69,API-käyttö,Kumppani
TX00088,ASK006,2024-02-25,2512.88,Tukipalvelu,Verkkokauppa
TX00945,ASK055,2024-02-25,275.17,Koulutus,Suoramyynti
TX00457,ASK030,2024-02-26,304.04,API-käyttö,Suoramyynti
TX00153,ASK011,2024-02-27,603.24,Integraatio,Suoramyynti
TX00308,ASK020,2024-02-27,538.97,Ylläpitosopimus,Suoramyynti
TX00476,ASK031,2024-02-27,2935.1,Koulutus,Suoramyynti
TX00735,ASK042,2024-02-27,7988.8,Konsultointi,Verkkokauppa
TX00684,ASK040,2024-02-29,2511.28,Lisäkäyttäjät,Suoramyynti
TX00098,ASK006,2024-03-02,2695.2,Premium-lisenssi,Kumppani
TX00371,ASK025,2024-03-02,444.95,Lisäkäyttäjät,Suoramyynti
TX00462,ASK031,2024-03-02,9370.12,Premium-lisenssi,Kumppani
TX00512,ASK033,2024-03-02,982.87,Ylläpitosopimus,Kumppani
TX00698,ASK041,2024-03-02,9677.73,Tukipalvelu,Verkkokauppa
TX00002,ASK001,2024-03-04,3501.84,Konsultointi,Suoramyynti
TX00716,ASK041,2024-03-04,8526.02,Konsultointi,Suoramyynti
TX00893,ASK052,2024-03-05,1567.63,Integraatio,Suoramyynti
TX00039,ASK003,2024-03-06,745.4,Integraatio,Verkkokauppa
TX00092,ASK006,2024-03-07,2018.29,Premium-lisenssi,Verkkokauppa
TX00719,ASK042,2024-03-07,3401.78,Datapaketti,Jälleenmyyjä
TX00338,ASK022,2024-03-09,1484.63,Integraatio,Suoramyynti
TX00317,ASK021,2024-03-10,663.42,Premium-lisenssi,Jälleenmyyjä
TX00663,ASK039,2024-03-10,106.21,Konsultointi,Suoramyynti
TX00054,ASK004,2024-03-11,1174.04,Peruslisenssi,Jälleenmyyjä
TX00565,ASK035,2024-03-11,8433.62,Lisäkäyttäjät,Verkkokauppa
TX00993,ASK060,2024-03-12,1313.14,Integraatio,Suoramyynti
TX00642,ASK038,2024-03-14,3528.71,Premium-lisenssi,Suoramyynti
TX00971,ASK057,2024-03-14,436.1,Tukipalvelu,Suoramyynti
TX00491,ASK032,2024-03-15,480.15,Ylläpitosopimus,Verkkokauppa
TX00746,ASK042,2024-03-15,4826.09,Lisäkäyttäjät,Verkkokauppa
TX00955,ASK055,2024-03-15,1177.32,Integraatio,Verkkokauppa
TX00356,ASK023,2024-03-16,406.63,Integraatio,Verkkokauppa
TX00509,ASK033,2024-03-17,1365.87,Peruslisenssi,Jälleenmyyjä
TX00527,ASK034,2024-03-17,2937.55,Koulutus,Jälleenmyyjä
TX00949,ASK055,2024-03-17,478.76,Tukipalvelu,Verkkokauppa
TX00535,ASK034,2024-03-18,1823.52,Ylläpitosopimus,Kumppani
TX00553,ASK035,2024-03-19,4725.11,Konsultointi,Verkkokauppa
TX00036,ASK003,2024-03-20,1094.85,Konsultointi,Suoramyynti
TX00252,ASK016,2024-03-21,2002.28,Koulutus,Verkkokauppa
TX00362,ASK024,2024-03-21,212.77,API-käyttö,Suoramyynti
TX00786,ASK046,2024-03-21,277.66,Peruslisenssi,Verkkokauppa
TX00521,ASK034,2024-03-23,2838.1,Peruslisenssi,Suoramyynti
TX00776,ASK045,2024-03-24,814.08,Premium-lisenssi,Suoramyynti
TX00329,ASK022,2024-03-25,3075.74,Premium-lisenssi,Suoramyynti
TX00541,ASK035,2024-03-25,3970.57,Lisäkäyttäjät,Verkkokauppa
TX00606,ASK037,2024-03-25,2551.89,Konsultointi,Suoramyynti
TX00664,ASK040,2024-03-25,3793.72,Lisäkäyttäjät,Verkkokauppa
TX00701,ASK041,2024-03-27,6504.24,API-käyttö,Suoramyynti
TX00076,ASK005,2024-03-28,1501.99,Lisäkäyttäjät,Suoramyynti
TX00219,ASK015,2024-03-28,1022.07,Premium-lisenssi,Verkkokauppa
TX00313,ASK021,2024-03-28,872.48,Integraatio,Suoramyynti
TX00571,ASK036,2024-03-28,2685.89,Konsultointi,Verkkokauppa
TX00354,ASK023,2024-03-29,336.93,Lisäkäyttäjät,Kumppani
TX00439,ASK029,2024-03-29,2018.7,Premium-lisenssi,Suoramyynti
TX00614,ASK037,2024-03-30,2142.59,Premium-lisenssi,Jälleenmyyjä
TX00774,ASK045,2024-03-30,604.62,Ylläpitosopimus,Suoramyynti
TX00120,ASK009,2024-03-31,241.53,Integraatio,Suoramyynti
TX00427,ASK028,2024-04-01,2833.45,Konsultointi,Verkkokauppa
TX00876,ASK052,2024-04-01,3658.29,Ylläpitosopimus,Verkkokauppa
TX00264,ASK018,2024-04-02,2712.63,API-käyttö,Suoramyynti
TX00381,ASK026,2024-04-02,525.35,API-käyttö,Suoramyynti
TX00741,ASK042,2024-04-02,2254.96,Ylläpitosopimus,Suoramyynti
TX00939,ASK054,2024-04-02,1068.0,Koulutus,Suoramyynti
TX00907,ASK053,2024-04-03,8213.44,Ylläpitosopimus,Verkkokauppa
TX00489,ASK031,2024-04-04,6138.65,Konsultointi,Suoramyynti
TX00720,ASK042,2024-04-04,9131.13,Integraatio,Suoramyynti
TX00005,ASK001,2024-04-05,3852.72,Koulutus,Suoramyynti
TX00699,ASK041,2024-04-05,2155.59,Konsultointi,Jälleenmyyjä
TX00767,ASK044,2024-04-05,655.4,Ylläpitosopimus,Jälleenmyyjä
TX00273,ASK018,2024-04-06,2527.8,Lisäkäyttäjät,Suoramyynti
TX00525,ASK034,2024-04-07,3619.12,Peruslisenssi,Suoramyynti
TX00517,ASK034,2024-04-08,2419.01,Konsultointi,Suoramyynti
TX00772,ASK045,2024-04-08,318.07,Ylläpitosopimus,Verkkokauppa
TX00967,ASK056,2024-04-08,455.85,API-käyttö,Verkkokauppa
TX00775,ASK045,2024-04-09,290.11,Tukipalvelu,Verkkokauppa
TX00151,ASK011,2024-04-10,1149.63,Premium-lisenssi,Suoramyynti
TX00575,ASK036,2024-04-10,3895.78,API-käyttö,Verkkokauppa
TX00143,ASK010,2024-04-12,3552.38,Datapaketti,Suoramyynti
TX00686,ASK040,2024-04-12,2571.78,Premium-lisenssi,Verkkokauppa
TX00796,ASK047,2024-04-12,9291.92,Ylläpitosopimus,Jälleenmyyjä
TX00878,ASK052,2024-04-13,3651.49,Konsultointi,Suoramyynti
TX00715,ASK041,2024-04-14,8311.56,Tukipalvelu,Suoramyynti
TX00224,ASK015,2024-04-16,2592.46,Konsultointi,Suoramyynti
TX00765,ASK044,2024-04-17,346.81,Tukipalvelu,Jälleenmyyjä
TX00870,ASK051,2024-04-17,858.55,Ylläpitosopimus,Suoramyynti
TX00251,ASK016,2024-04-18,1508.35,Ylläpitosopimus,Suoramyynti
TX00707,ASK041,2024-04-18,3131.44,Datapaketti,Suoramyynti
TX00028,ASK002,2024-04-19,1170.75,Konsultointi,Suoramyynti
TX00543,ASK035,2024-04-19,2541.32,Koulutus,Suoramyynti
TX00759,ASK044,2024-04-20,1102.88,Peruslisenssi,Suoramyynti
TX00918,ASK053,2024-04-20,7932.91,Peruslisenssi,Kumppani
TX00671,ASK040,2024-04-21,3715.79,Premium-lisenssi,Suoramyynti
TX01000,ASK060,2024-04-21,465.65,Ylläpitosopimus,Suoramyynti
TX00404,ASK027,2024-04-22,1338.14,Datapaketti,Suoramyynti
TX00309,ASK021,2024-04-23,1238.92,Datapaketti,Verkkokauppa
TX00453,ASK030,2024-04-24,127.79,API-käyttö,Kumppani
TX00435,ASK029,2024-04-25,1791.42,Datapaketti,Verkkokauppa
TX00472,ASK031,2024-04-25,2060.96,Lisäkäyttäjät,Verkkokauppa
TX00609,ASK037,2024-04-25,2575.59,Koulutus,Jälleenmyyjä
TX00592,ASK036,2024-04-26,3925.06,Datapaketti,Verkkokauppa
TX00871,ASK051,2024-04-26,1178.17,Datapaketti,Suoramyynti
TX00963,ASK056,2024-04-26,711.47,API-käyttö,Verkkokauppa
TX00184,ASK013,2024-04-29,423.54,Peruslisenssi,Suoramyynti
TX00129,ASK010,2024-04-30,2818.58,Tukipalvelu,Suoramyynti
TX00389,ASK027,2024-05-01,1136.87,Premium-lisenssi,Suoramyynti
TX00444,ASK029,2024-05-01,2227.88,Tukipalvelu,Suoramyynti
TX00905,ASK053,2024-05-01,9743.43,Peruslisenssi,Suoramyynti
TX00243,ASK016,2024-05-02,745.04,Lisäkäyttäjät,Suoramyynti
TX00307,ASK020,2024-05-02,1168.12,Konsultointi,Suoramyynti
TX00950,ASK055,2024-05-02,701.32,Lisäkäyttäjät,Suoramyynti
TX00708,ASK041,2024-05-03,6140.99,Konsultointi,Suoramyynti
TX00030,ASK002,2024-05-04,794.06,Datapaketti,Verkkokauppa
TX00351,ASK023,2024-05-04,1412.61,Tukipalvelu,Suoramyynti
TX00193,ASK014,2024-05-05,3794.79,Datapaketti,Suoramyynti
TX00623,ASK037,2024-05-09,2992.62,Tukipalvelu,Suoramyynti
TX00468,ASK031,2024-05-10,7695.65,Konsultointi,Jälleenmyyjä
TX00924,ASK053,2024-05-11,2638.79,Ylläpitosopimus,Verkkokauppa
TX00359,ASK024,2024-05-12,294.68,Peruslisenssi,Jälleenmyyjä
TX00374,ASK025,2024-05-13,1149.98,API-käyttö,Verkkokauppa
TX00172,ASK013,2024-05-15,1180.22,Integraatio,Verkkokauppa
TX00434,ASK029,2024-05-17,3477.43,Datapaketti,Suoramyynti
TX00487,ASK031,2024-05-17,4946.19,Koulutus,Suoramyynti
TX00186,ASK014,2024-05-18,1979.21,Integraatio,Verkkokauppa
TX00346,ASK023,2024-05-18,1257.81,Datapaketti,Suoramyynti
TX00464,ASK031,2024-05-18,8003.2,Lisäkäyttäjät,Suoramyynti
TX00555,ASK035,2024-05-18,4267.73,Lisäkäyttäjät,Suoramyynti
TX00133,ASK010,2024-05-19,3519.45,Koulutus,Jälleenmyyjä
TX00981,ASK058,2024-05-19,436.04,API-käyttö,Suoramyynti
TX00420,ASK028,2024-05-20,1073.89,Ylläpitosopimus,Suoramyynti
TX00727,ASK042,2024-05-20,5195.8,API-käyttö,Suoramyynti
TX00294,ASK019,2024-05-21,1281.41,Peruslisenssi,Verkkokauppa
TX00928,ASK053,2024-05-21,5143.24,API-käyttö,Suoramyynti
TX00566,ASK035,2024-05-22,6930.02,Konsultointi,Suoramyynti
TX00617,ASK037,2024-05-22,3262.91,Konsultointi,Jälleenmyyjä
TX00394,ASK027,2024-05-23,1782.61,Ylläpitosopimus,Suoramyynti
TX00440,ASK029,2024-05-23,2266.95,Konsultointi,Suoramyynti
TX00676,ASK040,2024-05-23,3219.43,Peruslisenssi,Suoramyynti
TX00176,ASK013,2024-05-24,1142.36,Konsultointi,Jälleenmyyjä
TX00598,ASK036,2024-05-24,5937.68,Lisäkäyttäjät,Verkkokauppa
TX00106,ASK007,2024-05-25,132.13,Tukipalvelu,Jälleenmyyjä
TX00580,ASK036,2024-05-25,4621.46,Integraatio,Suoramyynti
TX00745,ASK042,2024-05-25,8072.37,API-käyttö,Jälleenmyyjä
TX00231,ASK016,2024-05-26,2554.88,Lisäkäyttäjät,Suoramyynti
TX00311,ASK021,2024-05-27,600.79,Peruslisenssi,Verkkokauppa
TX00132,ASK010,2024-05-28,1962.82,Ylläpitosopimus,Verkkokauppa
TX00199,ASK014,2024-05-28,3919.59,API-käyttö,Suoramyynti
TX00256,ASK017,2024-05-29,215.19,Tukipalvelu,Verkkokauppa
TX00024,ASK002,2024-05-30,288.58,Konsultointi,Kumppani
TX00014,ASK001,2024-05-31,3052.0,Koulutus,Verkkokauppa
TX00198,ASK014,2024-05-31,3275.21,Ylläpitosopimus,Suoramyynti
TX00210,ASK015,2024-05-31,932.81,Koulutus,Verkkokauppa
TX00304,ASK020,2024-05-31,1147.84,Datapaketti,Suoramyynti
TX00675,ASK040,2024-06-01,3149.28,Koulutus,Verkkokauppa
TX00877,ASK052,2024-06-01,3796.21,API-käyttö,Suoramyynti
TX00795,ASK047,2024-06-02,3000.42,Ylläpitosopimus,Verkkokauppa
TX00511,ASK033,2024-06-03,270.7,API-käyttö,Suoramyynti
TX00578,ASK036,2024-06-03,4594.24,Peruslisenssi,Suoramyynti
TX00781,ASK045,2024-06-03,1140.12,Premium-lisenssi,Suoramyynti
TX00405,ASK027,2024-06-04,2057.99,Konsultointi,Suoramyynti
TX00867,ASK051,2024-06-05,500.43,Peruslisenssi,Suoramyynti
TX00995,ASK060,2024-06-05,921.7,Integraatio,Jälleenmyyjä
TX00567,ASK035,2024-06-06,7593.41,Lisäkäyttäjät,Suoramyynti
TX00188,ASK014,2024-06-07,3588.74,Premium-lisenssi,Jälleenmyyjä
TX00654,ASK038,2024-06-07,3810.15,Ylläpitosopimus,Verkkokauppa
TX00100,ASK006,2024-06-09,1497.16,API-käyttö,Suoramyynti
TX00033,ASK002,2024-06-11,1130.08,Datapaketti,Suoramyynti
TX00306,ASK020,2024-06-11,902.1,Ylläpitosopimus,Verkkokauppa
TX00809,ASK047,2024-06-11,2331.5,API-käyttö,Suoramyynti
TX00378,ASK026,2024-06-12,466.07,Ylläpitosopimus,Verkkokauppa
TX00673,ASK040,2024-06-12,2992.86,Tukipalvelu,Suoramyynti
TX00766,ASK044,2024-06-13,1116.42,API-käyttö,Kumppani
TX00059,ASK005,2024-06-16,3845.7,Premium-lisenssi,Verkkokauppa
TX00630,ASK038,2024-06-16,7720.55,Datapaketti,Verkkokauppa
TX00058,ASK004,2024-06-20,968.89,Premium-lisenssi,Jälleenmyyjä
TX00619,ASK037,2024-06-21,1768.64,Koulutus,Suoramyynti
TX00297,ASK020,2024-06-22,579.17,API-käyttö,Suoramyynti
TX00550,ASK035,2024-06-22,7351.06,Tukipalvelu,Suoramyynti
TX00854,ASK050,2024-06-22,2750.47,Konsultointi,Suoramyynti
TX00883,ASK052,2024-06-23,1784.86,Datapaketti,Kumppani
TX00269,ASK018,2024-06-25,846.82,Datapaketti,Kumppani
TX00646,ASK038,2024-06-25,2635.93,Integraatio,Jälleenmyyjä
TX00723,ASK042,2024-06-25,4666.94,Tukipalvelu,Suoramyynti
TX00200,ASK014,2024-06-27,1076.16,Peruslisenssi,Suoramyynti
TX00713,ASK041,2024-06-27,2051.76,Lisäkäyttäjät,Jälleenmyyjä
TX00749,ASK042,2024-06-27,7528.18,API-käyttö,Verkkokauppa
TX00880,ASK052,2024-06-27,3552.22,Koulutus,Suoramyynti
TX00114,ASK008,2024-06-28,810.49,Datapaketti,Kumppani
TX00667,ASK040,2024-06-28,1619.0,Koulutus,Suoramyynti
TX00751,ASK043,2024-06-28,270.27,Koulutus,Suoramyynti
TX00429,ASK029,2024-06-29,3745.91,Peruslisenssi,Kumppani
TX00559,ASK035,2024-06-30,9613.05,Integraatio,Suoramyynti
TX00923,ASK053,2024-06-30,7403.72,Tukipalvelu,Verkkokauppa
TX00155,ASK011,2024-07-03,458.88,Premium-lisenssi,Verkkokauppa
TX00281,ASK018,2024-07-03,3801.79,Integraatio,Kumppani
TX00330,ASK022,2024-07-03,2487.34,Integraatio,Suoramyynti
TX00680,ASK040,2024-07-03,1546.58,Premium-lisenssi,Jälleenmyyjä
TX00115,ASK008,2024-07-04,1426.43,Lisäkäyttäjät,Verkkokauppa
TX00890,ASK052,2024-07-04,2700.69,Integraatio,Verkkokauppa
TX00988,ASK060,2024-07-04,1045.04,Ylläpitosopimus,Jälleenmyyjä
TX00956,ASK055,2024-07-07,869.11,API-käyttö,Suoramyynti
TX00987,ASK059,2024-07-07,199.35,Koulutus,Suoramyynti
TX00436,ASK029,2024-07-09,765.63,Integraatio,Jälleenmyyjä
TX00938,ASK054,2024-07-12,1410.73,Koulutus,Suoramyynti
TX00168,ASK012,2024-07-13,986.44,Tukipalvelu,Verkkokauppa
TX00379,ASK026,2024-07-13,443.4,Datapaketti,Kumppani
TX00494,ASK032,2024-07-13,1385.63,Premium-lisenssi,Verkkokauppa
TX00770,ASK045,2024-07-13,738.86,API-käyttö,Verkkokauppa
TX00411,ASK028,2024-07-15,3821.77,Koulutus,Verkkokauppa
TX00789,ASK047,2024-07-16,2822.11,Lisäkäyttäjät,Suoramyynti
TX00291,ASK019,2024-07-17,690.37,Ylläpitosopimus,Kumppani
TX00652,ASK038,2024-07-17,6575.55,Lisäkäyttäjät,Suoramyynti
TX00948,ASK055,2024-07-17,604.19,Tukipalvelu,Kumppani
TX00061,ASK005,2024-07-22,966.23,Konsultointi,Suoramyynti
TX00162,ASK012,2024-07-22,1429.27,Datapaketti,Suoramyynti
TX00391,ASK027,2024-07-22,2671.98,Lisäkäyttäjät,Verkkokauppa
TX00322,ASK022,2024-07-23,3589.96,Integraatio,Kumppani
TX00872,ASK051,2024-07-23,1170.21,API-käyttö,Kumppani
TX00811,ASK047,2024-07-24,8579.51,Konsultointi,Suoramyynti
TX00743,ASK042,2024-07-25,8332.21,Integraatio,Verkkokauppa
TX00454,ASK030,2024-07-26,357.72,Tukipalvelu,Suoramyynti
TX00706,ASK041,2024-07-26,2902.51,Ylläpitosopimus,Suoramyynti
TX00852,ASK050,2024-07-26,2449.46,Integraatio,Kumppani
TX00372,ASK025,2024-07-27,658.03,Tukipalvelu,Suoramyynti
TX00581,ASK036,2024-07-30,6021.03,Integraatio,Suoramyynti
TX00099,ASK006,2024-07-31,2746.67,Koulutus,Verkkokauppa
TX00647,ASK038,2024-07-31,4900.04,Tukipalvelu,Verkkokauppa
TX00564,ASK035,2024-08-02,5351.49,Koulutus,Jälleenmyyjä
TX00242,ASK016,2024-08-04,3206.21,Koulutus,Suoramyynti
TX00807,ASK047,2024-08-04,9198.81,Lisäkäyttäjät,Verkkokauppa
TX00194,ASK014,2024-08-05,2799.12,Ylläpitosopimus,Kumppani
TX00648,ASK038,2024-08-06,2354.13,Ylläpitosopimus,Suoramyynti
TX00958,ASK056,2024-08-06,1036.1,Integraatio,Suoramyynti
TX00590,ASK036,2024-08-07,3466.85,Premium-lisenssi,Verkkokauppa
TX00818,ASK047,2024-08-07,8742.6,Konsultointi,Verkkokauppa
TX00215,ASK015,2024-08-08,2113.43,Konsultointi,Suoramyynti
TX00233,ASK016,2024-08-08,1938.87,Datapaketti,Suoramyynti
TX00197,ASK014,2024-08-09,3354.29,Konsultointi,Suoramyynti
TX00057,ASK004,2024-08-11,804.09,Koulutus,Jälleenmyyjä
TX00959,ASK056,2024-08-11,1371.86,Ylläpitosopimus,Verkkokauppa
TX00205,ASK014,2024-08-14,3783.15,Peruslisenssi,Verkkokauppa
TX00253,ASK016,2024-08-14,1799.14,Tukipalvelu,Suoramyynti
TX00447,ASK029,2024-08-14,1429.98,Tukipalvelu,Suoramyynti
TX00997,ASK060,2024-08-14,1093.27,Lisäkäyttäjät,Suoramyynti
TX00650,ASK038,2024-08-15,9251.14,Ylläpitosopimus,Verkkokauppa
TX00835,ASK049,2024-08-15,1062.99,Datapaketti,Kumppani
TX00848,ASK050,2024-08-16,735.27,Koulutus,Suoramyynti
TX00902,ASK053,2024-08-16,6259.01,Lisäkäyttäjät,Suoramyynti
TX00895,ASK052,2024-08-17,3888.38,Integraatio,Verkkokauppa
TX00128,ASK010,2024-08-18,3934.91,Premium-lisenssi,Suoramyynti
TX00412,ASK028,2024-08-18,3770.41,Koulutus,Jälleenmyyjä
TX00668,ASK040,2024-08-19,3876.78,Tukipalvelu,Verkkokauppa
TX00636,ASK038,2024-08-21,5374.42,Peruslisenssi,Kumppani
TX00167,ASK012,2024-08-23,970.27,Integraatio,Suoramyynti
TX00038,ASK003,2024-08-24,708.15,Tukipalvelu,Verkkokauppa
TX00422,ASK028,2024-08-26,890.07,Lisäkäyttäjät,Suoramyynti
TX00019,ASK001,2024-08-27,2112.84,Ylläpitosopimus,Verkkokauppa
TX00023,ASK002,2024-08-28,1047.17,Konsultointi,Jälleenmyyjä
TX00649,ASK038,2024-08-28,5364.81,Konsultointi,Verkkokauppa
TX00903,ASK053,2024-08-28,2438.53,Datapaketti,Jälleenmyyjä
TX00640,ASK038,2024-08-29,2219.48,Koulutus,Verkkokauppa
TX00843,ASK050,2024-08-29,2249.99,Konsultointi,Verkkokauppa
TX00615,ASK037,2024-08-30,1400.01,Ylläpitosopimus,Verkkokauppa
TX00056,ASK004,2024-09-01,407.68,Premium-lisenssi,Verkkokauppa
TX00290,ASK019,2024-09-01,622.08,Datapaketti,Kumppani
TX00597,ASK036,2024-09-01,4273.58,Tukipalvelu,Suoramyynti
TX00658,ASK039,2024-09-02,322.7,Premium-lisenssi,Suoramyynti
TX00077,ASK005,2024-09-03,2957.57,Datapaketti,Suoramyynti
TX00312,ASK021,2024-09-03,927.68,Tukipalvelu,Verkkokauppa
TX00382,ASK026,2024-09-03,196.81,Integraatio,Suoramyynti
TX00814,ASK047,2024-09-04,4816.98,Ylläpitosopimus,Suoramyynti
TX00027,ASK002,2024-09-06,432.66,Peruslisenssi,Jälleenmyyjä
TX00079,ASK005,2024-09-06,1712.11,Ylläpitosopimus,Suoramyynti
TX00520,ASK034,2024-09-06,3928.36,Konsultointi,Suoramyynti
TX00585,ASK036,2024-09-06,5979.55,API-käyttö,Suoramyynti
TX00962,ASK056,2024-09-06,1381.91,Integraatio,Suoramyynti
TX00154,ASK011,2024-09-07,881.46,Ylläpitosopimus,Verkkokauppa
TX00070,ASK005,2024-09-08,3411.57,Premium-lisenssi,Suoramyynti
TX00034,ASK002,2024-09-10,1242.64,Koulutus,Jälleenmyyjä
TX00055,ASK004,2024-09-10,493.25,Peruslisenssi,Verkkokauppa
TX00376,ASK025,2024-09-10,424.83,Peruslisenssi,Suoramyynti
TX00471,ASK031,2024-09-10,5531.06,Tukipalvelu,Suoramyynti
TX00897,ASK052,2024-09-11,2281.45,Lisäkäyttäjät,Suoramyynti
TX00342,ASK022,2024-09-12,3832.08,Peruslisenssi,Verkkokauppa
TX00082,ASK006,2024-09-14,1466.94,Konsultointi,Suoramyynti
TX00973,ASK057,2024-09-14,351.14,Ylläpitosopimus,Jälleenmyyjä
TX00850,ASK050,2024-09-16,1139.28,Lisäkäyttäjät,Verkkokauppa
TX00074,ASK005,2024-09-21,1822.7,Ylläpitosopimus,Verkkokauppa
TX00791,ASK047,2024-09-21,4389.97,Premium-lisenssi,Suoramyynti
TX00816,ASK047,2024-09-21,7866.59,Premium-lisenssi,Suoramyynti
TX00974,ASK057,2024-09-21,283.43,Datapaketti,Verkkokauppa
TX00718,ASK041,2024-09-22,9231.17,Premium-lisenssi,Suoramyynti
TX00050,ASK004,2024-09-23,703.55,Konsultointi,Suoramyynti
TX00344,ASK022,2024-09-23,3001.08,Konsultointi,Kumppani
TX00385,ASK027,2024-09-27,3077.13,Lisäkäyttäjät,Suoramyynti
TX00798,ASK047,2024-09-27,4902.65,Datapaketti,Verkkokauppa
TX00951,ASK055,2024-09-27,412.18,Ylläpitosopimus,Jälleenmyyjä
TX00146,ASK010,2024-09-28,1816.94,Lisäkäyttäjät,Verkkokauppa
TX00758,ASK044,2024-09-28,505.33,Premium-lisenssi,Suoramyynti
TX00620,ASK037,2024-09-30,3805.77,API-käyttö,Kumppani
TX00884,ASK052,2024-10-01,3566.26,Premium-lisenssi,Suoramyynti
TX00802,ASK047,2024-10-02,9065.95,Peruslisenssi,Suoramyynti
TX00819,ASK047,2024-10-02,7077.86,API-käyttö,Suoramyynti
TX00068,ASK005,2024-10-03,2715.56,API-käyttö,Jälleenmyyjä
TX00544,ASK035,2024-10-03,2628.07,Premium-lisenssi,Suoramyynti
TX00685,ASK040,2024-10-04,2068.67,Integraatio,Suoramyynti
TX00109,ASK008,2024-10-05,845.55,Datapaketti,Suoramyynti
TX00045,ASK003,2024-10-06,769.93,Peruslisenssi,Suoramyynti
TX00173,ASK013,2024-10-06,1231.65,Koulutus,Kumppani
TX00238,ASK016,2024-10-06,1418.44,API-käyttö,Suoramyynti
TX00537,ASK034,2024-10-06,3258.7,Datapaketti,Suoramyynti
TX00607,ASK037,2024-10-08,1448.49,Koulutus,Suoramyynti
TX00075,ASK005,2024-10-09,2520.76,API-käyttö,Kumppani
TX00829,ASK049,2024-10-10,565.54,Koulutus,Suoramyynti
TX00732,ASK042,2024-10-14,2274.59,Datapaketti,Verkkokauppa
TX00383,ASK027,2024-10-15,2323.46,Datapaketti,Suoramyynti
TX00979,ASK058,2024-10-15,444.37,Datapaketti,Suoramyynti
TX00271,ASK018,2024-10-16,1975.23,Integraatio,Verkkokauppa
TX00497,ASK032,2024-10-16,705.37,API-käyttö,Verkkokauppa
TX00345,ASK023,2024-10-19,1071.96,Datapaketti,Suoramyynti
TX00797,ASK047,2024-10-19,8826.55,Integraatio,Jälleenmyyjä
TX00125,ASK010,2024-10-21,2139.5,Datapaketti,Suoramyynti
TX00150,ASK011,2024-10-21,1426.99,Premium-lisenssi,Suoramyynti
TX00417,ASK028,2024-10-21,3815.22,Premium-lisenssi,Suoramyynti
TX00426,ASK028,2024-10-21,1760.58,Peruslisenssi,Kumppani
TX00651,ASK038,2024-10-21,2502.17,Premium-lisenssi,Suoramyynti
TX00008,ASK001,2024-10-22,843.95,Ylläpitosopimus,Suoramyynti
TX00431,ASK029,2024-10-23,3560.65,Peruslisenssi,Suoramyynti
TX00001,ASK001,2024-10-24,1235.8,Premium-lisenssi,Suoramyynti
TX00349,ASK023,2024-10-24,1302.86,Tukipalvelu,Verkkokauppa
TX00130,ASK010,2024-10-25,2368.75,Koulutus,Suoramyynti
TX00171,ASK012,2024-10-29,642.26,Lisäkäyttäjät,Suoramyynti
TX00283,ASK019,2024-10-29,1247.98,Premium-lisenssi,Verkkokauppa
TX00303,ASK020,2024-10-29,1333.35,Datapaketti,Verkkokauppa
TX00579,ASK036,2024-10-29,5169.4,Premium-lisenssi,Suoramyynti
TX00086,ASK006,2024-10-30,1457.05,Tukipalvelu,Suoramyynti
TX00643,ASK038,2024-10-30,6007.5,Datapaketti,Suoramyynti
TX00861,ASK050,2024-10-30,1404.26,Peruslisenssi,Verkkokauppa
TX00879,ASK052,2024-10-30,1575.77,Peruslisenssi,Suoramyynti
TX00043,ASK003,2024-11-01,1141.57,Lisäkäyttäjät,Verkkokauppa
TX00583,ASK036,2024-11-03,2161.93,Premium-lisenssi,Suoramyynti
TX00062,ASK005,2024-11-04,3474.95,Ylläpitosopimus,Jälleenmyyjä
TX00551,ASK035,2024-11-04,3974.1,Tukipalvelu,Suoramyynti
TX00954,ASK055,2024-11-04,833.94,Ylläpitosopimus,Verkkokauppa
TX00442,ASK029,2024-11-05,2607.17,Ylläpitosopimus,Suoramyynti
TX00803,ASK047,2024-11-06,4318.69,Datapaketti,Jälleenmyyjä
TX00094,ASK006,2024-11-07,995.99,Konsultointi,Suoramyynti
TX00641,ASK038,2024-11-07,5276.77,Premium-lisenssi,Verkkokauppa
TX00822,ASK048,2024-11-08,420.73,Koulutus,Suoramyynti
TX00022,ASK001,2024-11-10,2390.06,Ylläpitosopimus,Suoramyynti
TX00459,ASK031,2024-11-11,7658.57,Lisäkäyttäjät,Suoramyynti
TX00498,ASK032,2024-11-11,566.03,API-käyttö,Jälleenmyyjä
TX00230,ASK015,2024-11-12,3705.78,Integraatio,Suoramyynti
TX00276,ASK018,2024-11-13,3855.34,Lisäkäyttäjät,Suoramyynti
TX00127,ASK010,2024-11-14,2504.72,API-käyttö,Suoramyynti
TX00689,ASK041,2024-11-14,4451.14,API-käyttö,Suoramyynti
TX00060,ASK005,2024-11-15,2585.58,Lisäkäyttäjät,Suoramyynti
TX00217,ASK015,2024-11-16,2874.95,Integraatio,Kumppani
TX00247,ASK016,2024-11-16,2585.46,Ylläpitosopimus,Suoramyynti
TX00529,ASK034,2024-11-18,770.73,Konsultointi,Verkkokauppa
TX00704,ASK041,2024-11-18,9300.94,Lisäkäyttäjät,Verkkokauppa
TX00845,ASK050,2024-11-19,1165.06,Konsultointi,Suoramyynti
TX00943,ASK054,2024-11-19,1070.74,Peruslisenssi,Kumppani
TX00148,ASK011,2024-11-20,993.36,Datapaketti,Jälleenmyyjä
TX00373,ASK025,2024-11-22,1119.01,Integraatio,Kumppani
TX00375,ASK025,2024-11-22,542.83,Premium-lisenssi,Suoramyynti
TX00931,ASK054,2024-11-22,1063.34,Tukipalvelu,Kumppani
TX00037,ASK003,2024-11-23,1304.84,Premium-lisenssi,Suoramyynti
TX00348,ASK023,2024-11-23,1041.37,Premium-lisenssi,Verkkokauppa
TX00500,ASK032,2024-11-23,1329.77,Integraatio,Suoramyynti
TX00756,ASK043,2024-11-23,175.55,Premium-lisenssi,Jälleenmyyjä
TX00478,ASK031,2024-11-24,3718.92,Tukipalvelu,Kumppani
TX00558,ASK035,2024-11-24,6686.01,Konsultointi,Suoramyynti
TX00901,ASK053,2024-11-24,3751.22,Koulutus,Suoramyynti
TX00925,ASK053,2024-11-25,5883.29,Lisäkäyttäjät,Suoramyynti
TX00953,ASK055,2024-11-26,958.35,Ylläpitosopimus,Jälleenmyyjä
TX00744,ASK042,2024-11-27,2282.4,Tukipalvelu,Verkkokauppa
TX00018,ASK001,2024-11-28,2035.68,Peruslisenssi,Suoramyynti
TX00073,ASK005,2024-11-28,1309.16,Konsultointi,Suoramyynti
TX00249,ASK016,2024-11-28,1276.87,Ylläpitosopimus,Suoramyynti
TX00561,ASK035,2024-11-29,4846.05,Lisäkäyttäjät,Suoramyynti
TX00705,ASK041,2024-11-30,4376.27,Koulutus,Suoramyynti
TX00331,ASK022,2024-12-01,2861.38,Koulutus,Suoramyynti
TX00711,ASK041,2024-12-01,3001.42,Konsultointi,Kumppani
TX00147,ASK011,2024-12-02,1257.24,API-käyttö,Suoramyynti
TX00994,ASK060,2024-12-02,981.12,Koulutus,Verkkokauppa
TX00118,ASK008,2024-12-03,741.62,Datapaketti,Suoramyynti
TX00574,ASK036,2024-12-05,9622.31,Lisäkäyttäjät,Suoramyynti
TX00801,ASK047,2024-12-05,7393.16,Peruslisenssi,Verkkokauppa
TX00910,ASK053,2024-12-05,6337.22,Ylläpitosopimus,Verkkokauppa
TX00972,ASK057,2024-12-05,117.05,Premium-lisenssi,Suoramyynti
TX00318,ASK021,2024-12-06,416.09,Integraatio,Verkkokauppa
TX00493,ASK032,2024-12-06,614.73,Peruslisenssi,Suoramyynti
TX00117,ASK008,2024-12-07,635.64,Premium-lisenssi,Jälleenmyyjä
TX00275,ASK018,2024-12-07,984.07,Tukipalvelu,Kumppani
TX00849,ASK050,2024-12-07,2587.14,Tukipalvelu,Suoramyynti
TX00862,ASK050,2024-12-08,1119.04,Peruslisenssi,Suoramyynti
TX00285,ASK019,2024-12-10,1285.38,Ylläpitosopimus,Suoramyynti
TX00747,ASK042,2024-12-10,4244.3,Tukipalvelu,Kumppani
TX00009,ASK001,2024-12-11,2133.92,API-käyttö,Suoramyynti
TX00051,ASK004,2024-12-11,1150.64,Lisäkäyttäjät,Suoramyynti
TX00175,ASK013,2024-12-12,1200.95,Datapaketti,Kumppani
TX00390,ASK027,2024-12-13,2527.38,Integraatio,Jälleenmyyjä
TX00626,ASK038,2024-12-13,6885.28,Lisäkäyttäjät,Suoramyynti
TX00885,ASK052,2024-12-16,1312.5,Lisäkäyttäjät,Suoramyynti
TX00268,ASK018,2024-12-17,3902.93,Premium-lisenssi,Verkkokauppa
TX00584,ASK036,2024-12-17,7048.56,Tukipalvelu,Kumppani
TX00927,ASK053,2024-12-17,9660.98,Datapaketti,Jälleenmyyjä
TX00782,ASK045,2024-12-18,1205.57,Lisäkäyttäjät,Kumppani
TX00986,ASK059,2024-12-18,195.28,API-käyttö,Suoramyynti
TX00020,ASK001,2024-12-19,2226.56,Datapaketti,Verkkokauppa
TX00534,ASK034,2024-12-20,893.98,Lisäkäyttäjät,Suoramyynti
TX00961,ASK056,2024-12-20,781.43,Ylläpitosopimus,Kumppani
TX00467,ASK031,2024-12-22,2760.93,API-käyttö,Suoramyynti
TX00628,ASK038,2024-12-22,7427.1,Integraatio,Suoramyynti
TX00255,ASK017,2024-12-23,257.99,Tukipalvelu,Suoramyynti
TX00414,ASK028,2024-12-23,2535.98,Koulutus,Suoramyynti
TX00262,ASK018,2024-12-26,2363.77,Koulutus,Suoramyynti
TX00507,ASK033,2024-12-26,458.04,API-käyttö,Suoramyynti
TX00633,ASK038,2024-12-28,4535.82,Ylläpitosopimus,Suoramyynti
TX00572,ASK036,2024-12-29,3147.34,Ylläpitosopimus,Suoramyynti
TX00538,ASK034,2024-12-30,2511.84,Lisäkäyttäjät,Suoramyynti
TX00201,ASK014,2025-01-01,3279.55,Konsultointi,Verkkokauppa
TX00299,ASK020,2025-01-01,1348.65,Lisäkäyttäjät,Suoramyynti
TX00873,ASK051,2025-01-01,1083.02,Koulutus,Suoramyynti
TX00729,ASK042,2025-01-02,5685.44,Datapaketti,Suoramyynti
TX00570,ASK035,2025-01-03,7483.24,API-käyttö,Verkkokauppa
TX00998,ASK060,2025-01-03,417.14,Integraatio,Jälleenmyyjä
TX00066,ASK005,2025-01-05,2779.3,Datapaketti,Verkkokauppa
TX00123,ASK009,2025-01-05,380.19,Datapaketti,Verkkokauppa
TX00204,ASK014,2025-01-05,2382.89,Premium-lisenssi,Suoramyynti
TX00191,ASK014,2025-01-06,1041.91,Integraatio,Verkkokauppa
TX00909,ASK053,2025-01-07,8485.02,Konsultointi,Jälleenmyyjä
TX00610,ASK037,2025-01-10,2476.22,Peruslisenssi,Jälleenmyyjä
TX00326,ASK022,2025-01-11,2135.72,Lisäkäyttäjät,Verkkokauppa
TX00179,ASK013,2025-01-12,1047.21,Koulutus,Verkkokauppa
TX00690,ASK041,2025-01-12,3425.44,Ylläpitosopimus,Jälleenmyyjä
TX00234,ASK016,2025-01-13,1729.71,Integraatio,Jälleenmyyjä
TX00674,ASK040,2025-01-13,2414.54,Koulutus,Suoramyynti
TX00779,ASK045,2025-01-13,478.3,Peruslisenssi,Suoramyynti
TX00190,ASK014,2025-01-14,1423.95,Datapaketti,Kumppani
TX00340,ASK022,2025-01-14,1925.32,Premium-lisenssi,Verkkokauppa
TX00295,ASK019,2025-01-15,908.81,Premium-lisenssi,Verkkokauppa
TX00656,ASK038,2025-01-15,3464.11,Ylläpitosopimus,Verkkokauppa
TX00220,ASK015,2025-01-16,3350.13,API-käyttö,Suoramyynti
TX00638,ASK038,2025-01-16,3087.72,Koulutus,Suoramyynti
TX00316,ASK021,2025-01-17,556.77,Peruslisenssi,Suoramyynti
TX00914,ASK053,2025-01-17,7486.98,Peruslisenssi,Jälleenmyyjä
TX00577,ASK036,2025-01-18,4968.19,Ylläpitosopimus,Verkkokauppa
TX00286,ASK019,2025-01-20,440.48,Tukipalvelu,Jälleenmyyjä
TX00823,ASK048,2025-01-20,483.21,Datapaketti,Suoramyynti
TX00490,ASK032,2025-01-21,1048.2,Ylläpitosopimus,Suoramyynti
TX00761,ASK044,2025-01-22,670.94,Lisäkäyttäjät,Suoramyynti
TX00504,ASK033,2025-01-23,926.65,Konsultointi,Suoramyynti
TX00522,ASK034,2025-01-23,1942.03,Datapaketti,Suoramyynti
TX00244,ASK016,2025-01-24,2445.57,Konsultointi,Verkkokauppa
TX00866,ASK051,2025-01-24,404.61,Koulutus,Suoramyynti
TX00141,ASK010,2025-01-25,1970.9,Tukipalvelu,Suoramyynti
TX00163,ASK012,2025-01-25,929.15,Ylläpitosopimus,Suoramyynti
TX00156,ASK011,2025-01-26,985.06,Konsultointi,Suoramyynti
TX00465,ASK031,2025-01-26,5433.15,Lisäkäyttäjät,Suoramyynti
TX00679,ASK040,2025-01-26,899.62,Ylläpitosopimus,Suoramyynti
TX00301,ASK020,2025-01-27,522.71,Integraatio,Kumppani
TX00441,ASK029,2025-01-27,1483.09,Koulutus,Kumppani
TX00377,ASK026,2025-01-28,488.87,Lisäkäyttäjät,Suoramyynti
TX00327,ASK022,2025-01-30,1818.48,Tukipalvelu,Suoramyynti
TX00817,ASK047,2025-01-30,2202.17,Ylläpitosopimus,Jälleenmyyjä
TX00944,ASK055,2025-01-31,747.38,Integraatio,Kumppani
TX00736,ASK042,2025-02-01,4673.92,Tukipalvelu,Suoramyynti
TX00315,ASK021,2025-02-03,1281.8,Peruslisenssi,Verkkokauppa
TX00395,ASK027,2025-02-06,3929.59,Koulutus,Verkkokauppa
TX00917,ASK053,2025-02-06,3546.27,Konsultointi,Verkkokauppa
TX00048,ASK004,2025-02-07,952.51,Peruslisenssi,Suoramyynti
TX00702,ASK041,2025-02-07,2406.13,Ylläpitosopimus,Suoramyynti
TX00178,ASK013,2025-02-08,276.28,API-käyttö,Suoramyynti
TX00416,ASK028,2025-02-08,3371.54,Tukipalvelu,Suoramyynti
TX00722,ASK042,2025-02-08,5818.62,Lisäkäyttäjät,Verkkokauppa
TX00712,ASK041,2025-02-09,5959.02,Koulutus,Suoramyynti
TX00430,ASK029,2025-02-10,3272.99,Tukipalvelu,Kumppani
TX00496,ASK032,2025-02-10,1330.7,API-käyttö,Suoramyynti
TX00519,ASK034,2025-02-10,976.02,Lisäkäyttäjät,Suoramyynti
TX00536,ASK034,2025-02-10,3859.3,Integraatio,Suoramyynti
TX00825,ASK048,2025-02-10,363.02,Peruslisenssi,Verkkokauppa
TX00777,ASK045,2025-02-11,811.01,Koulutus,Suoramyynti
TX00119,ASK008,2025-02-14,1211.87,API-käyttö,Suoramyynti
TX00386,ASK027,2025-02-14,885.75,API-käyttö,Suoramyynti
TX00688,ASK041,2025-02-14,2358.3,Datapaketti,Jälleenmyyjä
TX00717,ASK041,2025-02-14,4815.14,Premium-lisenssi,Verkkokauppa
TX00017,ASK001,2025-02-16,2914.51,Tukipalvelu,Verkkokauppa
TX00121,ASK009,2025-02-17,489.21,Peruslisenssi,Verkkokauppa
TX00587,ASK036,2025-02-18,6901.06,Tukipalvelu,Verkkokauppa
TX00694,ASK041,2025-02-23,1993.67,API-käyttö,Suoramyynti
TX00937,ASK054,2025-02-23,430.03,Peruslisenssi,Suoramyynti
TX00140,ASK010,2025-02-24,861.42,Datapaketti,Verkkokauppa
TX00514,ASK033,2025-02-25,273.87,API-käyttö,Verkkokauppa
TX00622,ASK037,2025-02-25,3696.81,Koulutus,Jälleenmyyjä
TX00510,ASK033,2025-02-26,420.87,Konsultointi,Suoramyynti
TX00906,ASK053,2025-02-26,2090.24,API-käyttö,Suoramyynti
TX00548,ASK035,2025-02-27,4941.18,Premium-lisenssi,Verkkokauppa
TX00644,ASK038,2025-02-27,8418.58,Lisäkäyttäjät,Verkkokauppa
TX00669,ASK040,2025-02-27,2620.06,Premium-lisenssi,Suoramyynti
TX00134,ASK010,2025-02-28,1821.2,API-käyttö,Suoramyynti
TX00040,ASK003,2025-03-01,332.85,Lisäkäyttäjät,Suoramyynti
TX00605,ASK037,2025-03-01,3020.86,Datapaketti,Suoramyynti
TX00095,ASK006,2025-03-02,2684.47,Ylläpitosopimus,Suoramyynti
TX00483,ASK031,2025-03-02,5106.9,Koulutus,Suoramyynti
TX00806,ASK047,2025-03-02,6700.33,Premium-lisenssi,Suoramyynti
TX00503,ASK033,2025-03-03,605.37,Konsultointi,Suoramyynti
TX00293,ASK019,2025-03-04,1390.53,Konsultointi,Jälleenmyyjä
TX00833,ASK049,2025-03-04,733.38,Peruslisenssi,Verkkokauppa
TX00760,ASK044,2025-03-05,1393.85,Lisäkäyttäjät,Suoramyynti
TX00052,ASK004,2025-03-07,555.16,Premium-lisenssi,Suoramyynti
TX00203,ASK014,2025-03-07,2424.52,Premium-lisenssi,Suoramyynti
TX00280,ASK018,2025-03-09,2367.5,Peruslisenssi,Suoramyynti
TX00461,ASK031,2025-03-09,4590.68,Premium-lisenssi,Verkkokauppa
TX00161,ASK012,2025-03-10,1067.67,Datapaketti,Jälleenmyyjä
TX00666,ASK040,2025-03-10,987.07,API-käyttö,Verkkokauppa
TX00969,ASK056,2025-03-10,1237.73,Konsultointi,Verkkokauppa
TX00208,ASK015,2025-03-12,2942.96,Datapaketti,Verkkokauppa
TX00332,ASK022,2025-03-12,1259.93,Datapaketti,Suoramyynti
TX00481,ASK031,2025-03-13,6302.39,Peruslisenssi,Kumppani
TX00049,ASK004,2025-03-14,418.77,Datapaketti,Suoramyynti
TX00631,ASK038,2025-03-14,8685.86,API-käyttö,Suoramyynti
TX00996,ASK060,2025-03-14,457.31,Integraatio,Suoramyynti
TX00227,ASK015,2025-03-15,3458.3,Ylläpitosopimus,Verkkokauppa
TX00213,ASK015,2025-03-16,1041.34,Premium-lisenssi,Jälleenmyyjä
TX00239,ASK016,2025-03-16,1079.28,Ylläpitosopimus,Suoramyynti
TX00557,ASK035,2025-03-16,8405.35,Ylläpitosopimus,Suoramyynti
TX00639,ASK038,2025-03-17,3828.15,Integraatio,Verkkokauppa
TX00588,ASK036,2025-03-18,5004.22,Ylläpitosopimus,Jälleenmyyjä
TX00922,ASK053,2025-03-19,8594.41,Datapaketti,Kumppani
TX00975,ASK057,2025-03-19,242.38,Lisäkäyttäjät,Verkkokauppa
TX00524,ASK034,2025-03-20,2809.5,Integraatio,Verkkokauppa
TX00769,ASK044,2025-03-20,443.81,Premium-lisenssi,Suoramyynti
TX00067,ASK005,2025-03-21,1290.68,API-käyttö,Kumppani
TX00334,ASK022,2025-03-21,1609.56,Peruslisenssi,Suoramyynti
TX00552,ASK035,2025-03-21,4035.29,Koulutus,Suoramyynti
TX00748,ASK042,2025-03-23,8213.92,Datapaketti,Verkkokauppa
TX00582,ASK036,2025-03-24,7648.15,Datapaketti,Suoramyynti
TX00108,ASK008,2025-03-25,405.49,Koulutus,Verkkokauppa
TX00611,ASK037,2025-03-27,2490.18,Lisäkäyttäjät,Suoramyynti
TX00160,ASK012,2025-03-28,1365.93,Ylläpitosopimus,Suoramyynti
TX00261,ASK018,2025-03-28,2765.69,Koulutus,Verkkokauppa
TX00418,ASK028,2025-03-28,2845.35,Datapaketti,Suoramyynti
TX00805,ASK047,2025-03-29,8069.65,Integraatio,Suoramyynti
TX00946,ASK055,2025-03-29,1231.08,Integraatio,Jälleenmyyjä
TX00209,ASK015,2025-03-30,958.11,Premium-lisenssi,Suoramyynti
TX00298,ASK020,2025-04-01,367.3,Konsultointi,Jälleenmyyjä
TX00724,ASK042,2025-04-01,8955.73,Peruslisenssi,Verkkokauppa
TX00935,ASK054,2025-04-01,1048.86,API-käyttö,Suoramyynti
TX00137,ASK010,2025-04-02,2465.0,Integraatio,Suoramyynti
TX00904,ASK053,2025-04-03,2512.96,Datapaketti,Suoramyynti
TX00545,ASK035,2025-04-04,6311.58,API-käyttö,Suoramyynti
TX00788,ASK046,2025-04-04,177.8,Tukipalvelu,Kumppani
TX00357,ASK023,2025-04-05,805.02,API-käyttö,Suoramyynti
TX00589,ASK036,2025-04-05,6596.85,Lisäkäyttäjät,Suoramyynti
TX00071,ASK005,2025-04-06,1510.12,Datapaketti,Verkkokauppa
TX00602,ASK036,2025-04-06,6817.22,Integraatio,Kumppani
TX00936,ASK054,2025-04-06,1205.72,API-käyttö,Suoramyynti
TX00677,ASK040,2025-04-07,1601.22,Premium-lisenssi,Suoramyynti
TX00103,ASK007,2025-04-09,132.03,Konsultointi,Kumppani
TX00216,ASK015,2025-04-09,2011.89,Premium-lisenssi,Suoramyynti
TX00448,ASK029,2025-04-10,3142.66,Ylläpitosopimus,Suoramyynti
TX00857,ASK050,2025-04-11,2197.2,API-käyttö,Verkkokauppa
TX00144,ASK010,2025-04-12,769.73,Tukipalvelu,Suoramyynti
TX00886,ASK052,2025-04-12,1600.74,Lisäkäyttäjät,Verkkokauppa
TX00321,ASK021,2025-04-13,303.27,Konsultointi,Suoramyynti
TX00608,ASK037,2025-04-13,2552.71,Datapaketti,Verkkokauppa
TX00158,ASK011,2025-04-15,558.73,Peruslisenssi,Jälleenmyyjä
TX00409,ASK028,2025-04-15,3675.28,Integraatio,Verkkokauppa
TX00670,ASK040,2025-04-15,3085.07,Konsultointi,Suoramyynti
TX00842,ASK050,2025-04-15,2222.58,Premium-lisenssi,Suoramyynti
TX00292,ASK019,2025-04-17,1160.24,Lisäkäyttäjät,Verkkokauppa
TX00721,ASK042,2025-04-17,2210.17,Ylläpitosopimus,Suoramyynti
TX00657,ASK038,2025-04-18,4193.89,Peruslisenssi,Jälleenmyyjä
TX00999,ASK060,2025-04-18,781.07,Koulutus,Suoramyynti
TX00709,ASK041,2025-04-19,3946.56,Premium-lisenssi,Suoramyynti
TX00183,ASK013,2025-04-20,1323.98,Koulutus,Verkkokauppa
TX00813,ASK047,2025-04-20,5891.52,Premium-lisenssi,Verkkokauppa
TX00069,ASK005,2025-04-21,2131.26,Ylläpitosopimus,Suoramyynti
TX00159,ASK012,2025-04-21,1314.42,API-käyttö,Suoramyynti
TX00780,ASK045,2025-04-21,568.18,Koulutus,Verkkokauppa
TX00499,ASK032,2025-04-22,375.37,Datapaketti,Jälleenmyyjä
TX00824,ASK048,2025-04-22,235.97,API-käyttö,Jälleenmyyjä
TX00047,ASK004,2025-04-23,1335.86,Ylläpitosopimus,Verkkokauppa
TX00353,ASK023,2025-04-23,1200.28,API-käyttö,Suoramyynti
TX00380,ASK026,2025-04-23,324.44,Koulutus,Suoramyynti
TX00090,ASK006,2025-04-25,2271.03,Integraatio,Suoramyynti
TX00181,ASK013,2025-04-27,289.28,API-käyttö,Suoramyynti
TX00662,ASK039,2025-04-27,529.5,Premium-lisenssi,Suoramyynti
TX00838,ASK049,2025-04-27,409.69,Koulutus,Verkkokauppa
TX00856,ASK050,2025-04-27,1261.15,Peruslisenssi,Suoramyynti
TX00423,ASK028,2025-04-28,1045.77,Tukipalvelu,Suoramyynti
TX00463,ASK031,2025-04-28,2057.05,Lisäkäyttäjät,Suoramyynti
TX00841,ASK050,2025-04-28,2082.33,Integraatio,Suoramyynti
TX00799,ASK047,2025-04-29,2103.47,Koulutus,Suoramyynti
TX00815,ASK047,2025-04-30,6553.73,Integraatio,Suoramyynti
TX00785,ASK046,2025-05-01,357.72,Konsultointi,Suoramyynti
TX00425,ASK028,2025-05-02,2266.93,Konsultointi,Jälleenmyyjä
TX00408,ASK028,2025-05-04,2422.55,Integraatio,Kumppani
TX00887,ASK052,2025-05-04,3311.67,Tukipalvelu,Suoramyynti
TX00320,ASK021,2025-05-05,999.13,Tukipalvelu,Suoramyynti
TX00355,ASK023,2025-05-05,875.06,Lisäkäyttäjät,Jälleenmyyjä
TX00495,ASK032,2025-05-05,1329.9,Ylläpitosopimus,Verkkokauppa
TX00762,ASK044,2025-05-05,1182.81,Ylläpitosopimus,Verkkokauppa
TX00875,ASK051,2025-05-07,646.81,Peruslisenssi,Suoramyynti
TX00174,ASK013,2025-05-08,1391.84,Koulutus,Verkkokauppa
TX00225,ASK015,2025-05-08,1446.55,Premium-lisenssi,Suoramyynti
TX00828,ASK049,2025-05-08,334.69,Koulutus,Verkkokauppa
TX00131,ASK010,2025-05-09,3895.99,Konsultointi,Suoramyynti
TX00003,ASK001,2025-05-10,1852.89,Konsultointi,Suoramyynti
TX00084,ASK006,2025-05-10,1615.86,Ylläpitosopimus,Kumppani
TX00603,ASK037,2025-05-11,1162.37,Lisäkäyttäjät,Kumppani
TX00282,ASK018,2025-05-12,1342.1,Tukipalvelu,Suoramyynti
TX00853,ASK050,2025-05-13,3172.19,API-käyttö,Suoramyynti
TX00892,ASK052,2025-05-14,1085.92,Lisäkäyttäjät,Suoramyynti
TX00456,ASK030,2025-05-15,140.92,API-käyttö,Suoramyynti
TX00506,ASK033,2025-05-15,1390.81,Datapaketti,Suoramyynti
TX00601,ASK036,2025-05-16,4139.56,Tukipalvelu,Suoramyynti
TX00089,ASK006,2025-05-17,1052.38,Peruslisenssi,Verkkokauppa
TX00773,ASK045,2025-05-17,439.7,Integraatio,Suoramyynti
TX00116,ASK008,2025-05-18,1393.79,Datapaketti,Suoramyynti
TX00185,ASK014,2025-05-19,1096.23,Konsultointi,Jälleenmyyjä
TX00740,ASK042,2025-05-19,6191.21,Tukipalvelu,Suoramyynti
TX00915,ASK053,2025-05-19,2937.64,Lisäkäyttäjät,Suoramyynti
TX00352,ASK023,2025-05-20,290.75,API-käyttö,Verkkokauppa
TX00692,ASK041,2025-05-20,9882.08,Konsultointi,Verkkokauppa
TX00683,ASK040,2025-05-21,1899.28,Tukipalvelu,Suoramyynti
TX00554,ASK035,2025-05-22,6609.83,Konsultointi,Suoramyynti
TX00900,ASK053,2025-05-22,8842.27,Premium-lisenssi,Jälleenmyyjä
TX00166,ASK012,2025-05-23,1234.42,Koulutus,Jälleenmyyjä
TX00755,ASK043,2025-05-23,163.29,Premium-lisenssi,Suoramyynti
TX00328,ASK022,2025-05-24,1910.2,API-käyttö,Suoramyynti
TX00637,ASK038,2025-05-25,3438.78,Tukipalvelu,Jälleenmyyjä
TX00343,ASK022,2025-05-26,2397.49,API-käyttö,Suoramyynti
TX00632,ASK038,2025-05-26,8481.27,Datapaketti,Suoramyynti
TX00653,ASK038,2025-05-26,4347.48,Tukipalvelu,Suoramyynti
TX00840,ASK050,2025-05-27,2840.37,Konsultointi,Suoramyynti
TX00267,ASK018,2025-05-28,1208.79,Peruslisenssi,Suoramyynti
TX00445,ASK029,2025-05-29,3710.86,Koulutus,Verkkokauppa
TX00858,ASK050,2025-05-29,2125.08,Tukipalvelu,Suoramyynti
TX00978,ASK058,2025-05-29,147.76,Koulutus,Verkkokauppa
TX00032,ASK002,2025-05-31,759.29,API-käyttö,Suoramyynti
TX00604,ASK037,2025-06-01,2835.95,Lisäkäyttäjät,Verkkokauppa
TX00396,ASK027,2025-06-03,3403.66,API-käyttö,Suoramyynti
TX00908,ASK053,2025-06-04,6354.89,Datapaketti,Kumppani
TX00965,ASK056,2025-06-04,781.3,Peruslisenssi,Suoramyynti
TX00855,ASK050,2025-06-05,1731.18,Premium-lisenssi,Suoramyynti
TX00300,ASK020,2025-06-07,697.53,Lisäkäyttäjät,Kumppani
TX00323,ASK022,2025-06-11,2010.25,API-käyttö,Suoramyynti
TX00808,ASK047,2025-06-12,8824.23,Peruslisenssi,Verkkokauppa
TX00787,ASK046,2025-06-13,460.2,Ylläpitosopimus,Suoramyynti
TX00830,ASK049,2025-06-13,1155.61,Peruslisenssi,Jälleenmyyjä
TX00360,ASK024,2025-06-14,168.86,Tukipalvelu,Suoramyynti
TX00393,ASK027,2025-06-15,2200.64,Ylläpitosopimus,Jälleenmyyjä
TX00407,ASK028,2025-06-15,1391.79,Integraatio,Kumppani
TX00455,ASK030,2025-06-16,298.83,Konsultointi,Verkkokauppa
TX00700,ASK041,2025-06-16,5145.76,Integraatio,Suoramyynti
TX00793,ASK047,2025-06-16,5511.07,Peruslisenssi,Jälleenmyyjä
TX00035,ASK003,2025-06-17,826.98,Konsultointi,Suoramyynti
TX00479,ASK031,2025-06-17,3590.45,Koulutus,Suoramyynti
TX00096,ASK006,2025-06-19,1952.42,Datapaketti,Suoramyynti
TX00784,ASK046,2025-06-19,288.38,API-käyttö,Verkkokauppa
TX00270,ASK018,2025-06-20,2413.7,Tukipalvelu,Suoramyynti
TX00810,ASK047,2025-06-20,8922.59,Peruslisenssi,Suoramyynti
TX00085,ASK006,2025-06-21,2653.6,Premium-lisenssi,Jälleenmyyjä
TX00296,ASK020,2025-06-21,1255.86,Koulutus,Suoramyynti
TX00314,ASK021,2025-06-22,896.58,API-käyttö,Verkkokauppa
TX00518,ASK034,2025-06-23,1537.83,Integraatio,Suoramyynti
TX00742,ASK042,2025-06-23,5671.71,Integraatio,Kumppani
TX00452,ASK030,2025-06-24,416.69,Premium-lisenssi,Kumppani
TX00341,ASK022,2025-06-26,1908.92,Integraatio,Verkkokauppa
TX00697,ASK041,2025-06-26,9763.24,Lisäkäyttäjät,Suoramyynti
TX00006,ASK001,2025-06-29,2014.96,API-käyttö,Suoramyynti
TX00021,ASK001,2025-07-01,2253.12,Tukipalvelu,Verkkokauppa
TX00976,ASK058,2025-07-01,102.65,Ylläpitosopimus,Suoramyynti
TX00083,ASK006,2025-07-02,3800.84,Tukipalvelu,Suoramyynti
TX00515,ASK033,2025-07-02,1403.65,Peruslisenssi,Verkkokauppa
TX00591,ASK036,2025-07-03,3314.37,Integraatio,Suoramyynti
TX00484,ASK031,2025-07-04,5635.5,Konsultointi,Suoramyynti
TX00600,ASK036,2025-07-04,7416.81,Tukipalvelu,Verkkokauppa
TX00419,ASK028,2025-07-05,1598.47,API-käyttö,Verkkokauppa
TX00053,ASK004,2025-07-06,320.94,Integraatio,Suoramyynti
TX00284,ASK019,2025-07-06,1237.09,API-käyttö,Suoramyynti
TX00532,ASK034,2025-07-07,1794.8,Tukipalvelu,Jälleenmyyjä
TX00771,ASK045,2025-07-07,570.36,Koulutus,Suoramyynti
TX00122,ASK009,2025-07-09,307.89,Peruslisenssi,Suoramyynti
TX00508,ASK033,2025-07-09,1418.68,Peruslisenssi,Verkkokauppa
TX00138,ASK010,2025-07-10,1942.16,Integraatio,Jälleenmyyjä
TX00728,ASK042,2025-07-10,8238.25,Lisäkäyttäjät,Jälleenmyyjä
TX00957,ASK056,2025-07-10,888.33,Premium-lisenssi,Suoramyynti
TX00105,ASK007,2025-07-11,201.16,Tukipalvelu,Kumppani
TX00470,ASK031,2025-07-11,5235.44,Lisäkäyttäjät,Jälleenmyyjä
TX00778,ASK045,2025-07-11,713.41,Integraatio,Jälleenmyyjä
TX00044,ASK003,2025-07-13,1195.85,Konsultointi,Suoramyynti
TX00693,ASK041,2025-07-13,7959.91,Konsultointi,Suoramyynti
TX00844,ASK050,2025-07-13,2436.68,Lisäkäyttäjät,Suoramyynti
TX00947,ASK055,2025-07-13,1123.99,Konsultointi,Jälleenmyyjä
TX00985,ASK059,2025-07-14,526.14,Koulutus,Suoramyynti
TX00645,ASK038,2025-07-15,2373.71,Lisäkäyttäjät,Suoramyynti
TX00874,ASK051,2025-07-15,840.74,Konsultointi,Verkkokauppa
TX00989,ASK060,2025-07-16,799.68,API-käyttö,Suoramyynti
TX00081,ASK006,2025-07-17,1791.76,Datapaketti,Suoramyynti
TX00388,ASK027,2025-07-17,1626.29,Ylläpitosopimus,Verkkokauppa
TX00424,ASK028,2025-07-17,3888.43,Tukipalvelu,Suoramyynti
TX00563,ASK035,2025-07-17,2018.02,Datapaketti,Kumppani
TX00726,ASK042,2025-07-17,5680.15,Premium-lisenssi,Suoramyynti
TX00358,ASK024,2025-07-18,387.91,Tukipalvelu,Jälleenmyyjä
TX00080,ASK005,2025-07-20,2440.19,Lisäkäyttäjät,Kumppani
TX00387,ASK027,2025-07-20,1655.07,Lisäkäyttäjät,Verkkokauppa
TX00930,ASK053,2025-07-20,6923.92,Konsultointi,Suoramyynti
TX00634,ASK038,2025-07-22,8185.26,Peruslisenssi,Suoramyynti
TX00226,ASK015,2025-07-23,1910.9,Koulutus,Verkkokauppa
TX00714,ASK041,2025-07-23,7859.44,Konsultointi,Suoramyynti
TX00792,ASK047,2025-07-23,5018.58,Integraatio,Jälleenmyyjä
TX00480,ASK031,2025-07-24,9483.01,Tukipalvelu,Verkkokauppa
TX00576,ASK036,2025-07-25,6502.2,Ylläpitosopimus,Suoramyynti
TX00629,ASK038,2025-07-25,4451.04,Peruslisenssi,Jälleenmyyjä
TX00898,ASK052,2025-07-25,3610.28,Ylläpitosopimus,Suoramyynti
TX00031,ASK002,2025-07-26,956.68,Datapaketti,Verkkokauppa
TX00492,ASK032,2025-07-26,513.91,Konsultointi,Jälleenmyyjä
TX00549,ASK035,2025-07-26,9132.18,Konsultointi,Verkkokauppa
TX00839,ASK049,2025-07-26,1152.61,Tukipalvelu,Kumppani
TX00586,ASK036,2025-07-27,5253.59,Datapaketti,Suoramyynti
TX00960,ASK056,2025-07-28,1223.72,Peruslisenssi,Suoramyynti
TX00221,ASK015,2025-07-29,2539.85,Premium-lisenssi,Suoramyynti
TX00486,ASK031,2025-07-29,5142.69,Lisäkäyttäjät,Verkkokauppa
TX00397,ASK027,2025-07-30,1691.32,Peruslisenssi,Suoramyynti
TX00258,ASK017,2025-07-31,441.94,Datapaketti,Verkkokauppa
TX00366,ASK025,2025-07-31,308.2,Peruslisenssi,Suoramyynti
TX00458,ASK031,2025-07-31,2267.67,Datapaketti,Verkkokauppa
TX00528,ASK034,2025-07-31,2852.27,Tukipalvelu,Kumppani
TX00531,ASK034,2025-07-31,1499.13,Lisäkäyttäjät,Verkkokauppa
TX00562,ASK035,2025-07-31,3418.38,API-käyttö,Suoramyynti
TX00739,ASK042,2025-07-31,2951.03,Konsultointi,Jälleenmyyjä
TX00196,ASK014,2025-08-01,1384.87,API-käyttö,Suoramyynti
TX00259,ASK017,2025-08-01,389.35,Ylläpitosopimus,Suoramyynti
TX00063,ASK005,2025-08-02,3255.74,Integraatio,Verkkokauppa
TX00165,ASK012,2025-08-02,1272.13,Peruslisenssi,Kumppani
TX00730,ASK042,2025-08-02,5869.39,Lisäkäyttäjät,Suoramyynti
TX00339,ASK022,2025-08-03,824.93,Tukipalvelu,Verkkokauppa
TX00235,ASK016,2025-08-04,2651.77,Peruslisenssi,Suoramyynti
TX00437,ASK029,2025-08-04,2905.06,Konsultointi,Suoramyynti
TX00753,ASK043,2025-08-04,114.57,Ylläpitosopimus,Suoramyynti
TX00661,ASK039,2025-08-05,289.39,API-käyttö,Verkkokauppa
TX00851,ASK050,2025-08-05,2110.04,Datapaketti,Suoramyynti
TX00860,ASK050,2025-08-05,781.96,Konsultointi,Verkkokauppa
TX00618,ASK037,2025-08-06,1856.64,Koulutus,Verkkokauppa
TX00940,ASK054,2025-08-06,297.8,Datapaketti,Suoramyynti
TX00266,ASK018,2025-08-08,2831.95,Integraatio,Verkkokauppa
TX00368,ASK025,2025-08-08,747.41,Peruslisenssi,Suoramyynti
TX00834,ASK049,2025-08-08,1214.74,Integraatio,Verkkokauppa
TX00415,ASK028,2025-08-10,2912.26,Lisäkäyttäjät,Jälleenmyyjä
TX00599,ASK036,2025-08-11,4908.05,Tukipalvelu,Suoramyynti
TX00042,ASK003,2025-08-12,705.05,Peruslisenssi,Kumppani
TX00477,ASK031,2025-08-12,4383.12,Ylläpitosopimus,Jälleenmyyjä
TX00016,ASK001,2025-08-14,1132.41,Lisäkäyttäjät,Verkkokauppa
TX00136,ASK010,2025-08-16,3956.44,Datapaketti,Jälleenmyyjä
TX00265,ASK018,2025-08-17,2515.99,Peruslisenssi,Suoramyynti
TX00991,ASK060,2025-08-17,830.01,Integraatio,Suoramyynti
TX00157,ASK011,2025-08-20,427.45,Datapaketti,Verkkokauppa
TX00041,ASK003,2025-08-21,1366.89,Peruslisenssi,Jälleenmyyjä
TX00733,ASK042,2025-08-21,9896.81,Tukipalvelu,Suoramyynti
TX00211,ASK015,2025-08-22,2496.67,Integraatio,Suoramyynti
TX00977,ASK058,2025-08-22,120.48,Premium-lisenssi,Suoramyynti
TX00594,ASK036,2025-08-24,2725.28,Integraatio,Jälleenmyyjä
TX00097,ASK006,2025-08-25,3927.7,Koulutus,Verkkokauppa
TX00783,ASK046,2025-08-26,202.38,Peruslisenssi,Jälleenmyyjä
TX00920,ASK053,2025-08-26,9545.14,Tukipalvelu,Kumppani
TX00942,ASK054,2025-08-26,715.0,API-käyttö,Jälleenmyyjä
TX00596,ASK036,2025-08-27,2486.49,Tukipalvelu,Suoramyynti
TX00889,ASK052,2025-08-27,2283.87,Ylläpitosopimus,Verkkokauppa
TX00934,ASK054,2025-08-27,822.03,Ylläpitosopimus,Kumppani
TX00737,ASK042,2025-08-29,4375.84,Integraatio,Kumppani
TX00827,ASK049,2025-08-31,972.59,Koulutus,Verkkokauppa
TX00864,ASK051,2025-08-31,1423.78,Premium-lisenssi,Verkkokauppa
TX00107,ASK007,2025-09-01,437.03,Ylläpitosopimus,Kumppani
TX00451,ASK029,2025-09-02,3548.96,Premium-lisenssi,Verkkokauppa
TX00212,ASK015,2025-09-03,2439.0,Datapaketti,Verkkokauppa
TX00110,ASK008,2025-09-04,306.64,Lisäkäyttäjät,Verkkokauppa
TX00547,ASK035,2025-09-04,8153.95,Lisäkäyttäjät,Suoramyynti
TX00568,ASK035,2025-09-04,5681.8,Lisäkäyttäjät,Verkkokauppa
TX00241,ASK016,2025-09-05,897.49,Konsultointi,Suoramyynti
TX00678,ASK040,2025-09-05,2753.21,Datapaketti,Suoramyynti
TX00010,ASK001,2025-09-06,1335.86,Peruslisenssi,Verkkokauppa
TX00831,ASK049,2025-09-06,732.8,Integraatio,Verkkokauppa
TX00821,ASK048,2025-09-07,460.39,Konsultointi,Suoramyynti
TX00432,ASK029,2025-09-09,1067.65,Integraatio,Suoramyynti
TX00111,ASK008,2025-09-10,552.93,Premium-lisenssi,Suoramyynti
TX00869,ASK051,2025-09-12,1079.85,Lisäkäyttäjät,Jälleenmyyjä
TX00337,ASK022,2025-09-14,2917.01,Datapaketti,Suoramyynti
TX00926,ASK053,2025-09-15,9218.87,Konsultointi,Suoramyynti
TX00182,ASK013,2025-09-16,519.0,Premium-lisenssi,Verkkokauppa
TX00025,ASK002,2025-09-17,1254.19,Premium-lisenssi,Suoramyynti
TX00289,ASK019,2025-09-17,593.37,Datapaketti,Suoramyynti
TX00916,ASK053,2025-09-17,3386.96,Premium-lisenssi,Kumppani
TX00406,ASK028,2025-09-18,3702.49,Peruslisenssi,Verkkokauppa
TX00754,ASK043,2025-09-18,199.4,Ylläpitosopimus,Suoramyynti
TX00750,ASK042,2025-09-20,8174.63,Konsultointi,Verkkokauppa
TX00189,ASK014,2025-09-22,2042.3,Koulutus,Suoramyynti
TX00725,ASK042,2025-09-23,3790.86,Koulutus,Suoramyynti
TX00236,ASK016,2025-09-24,881.23,Premium-lisenssi,Suoramyynti
TX00595,ASK036,2025-09-24,3197.47,Koulutus,Kumppani
TX00540,ASK035,2025-09-25,4192.57,Konsultointi,Verkkokauppa
TX00800,ASK047,2025-09-25,6730.11,Lisäkäyttäjät,Suoramyynti
TX00402,ASK027,2025-09-26,3229.72,Lisäkäyttäjät,Suoramyynti
TX00556,ASK035,2025-09-27,4877.11,Integraatio,Suoramyynti
TX00691,ASK041,2025-09-29,3764.93,Integraatio,Verkkokauppa
TX00846,ASK050,2025-09-29,1184.05,Tukipalvelu,Jälleenmyyjä
TX00794,ASK047,2025-09-30,6559.37,Lisäkäyttäjät,Suoramyynti
TX00287,ASK019,2025-10-01,1206.58,Tukipalvelu,Verkkokauppa
TX00104,ASK007,2025-10-02,365.41,Konsultointi,Suoramyynti
TX00363,ASK024,2025-10-02,236.27,API-käyttö,Suoramyynti
TX00968,ASK056,2025-10-03,336.6,Konsultointi,Jälleenmyyjä
TX00169,ASK012,2025-10-04,1016.22,Koulutus,Jälleenmyyjä
TX00260,ASK018,2025-10-04,1744.29,Datapaketti,Suoramyynti
TX00369,ASK025,2025-10-04,898.33,Koulutus,Suoramyynti
TX00026,ASK002,2025-10-06,933.53,Lisäkäyttäjät,Suoramyynti
TX00126,ASK010,2025-10-07,2692.74,Konsultointi,Verkkokauppa
TX00672,ASK040,2025-10-08,898.29,Tukipalvelu,Suoramyynti
TX00232,ASK016,2025-10-10,3868.67,Premium-lisenssi,Verkkokauppa
TX00254,ASK017,2025-10-10,151.31,API-käyttö,Suoramyynti
TX00913,ASK053,2025-10-10,9611.91,Koulutus,Verkkokauppa
TX00542,ASK035,2025-10-11,3049.64,Lisäkäyttäjät,Suoramyynti
TX00982,ASK059,2025-10-11,164.83,Integraatio,Kumppani
TX00335,ASK022,2025-10-14,2036.12,API-käyttö,Jälleenmyyjä
TX00180,ASK013,2025-10-15,1360.14,Premium-lisenssi,Verkkokauppa
TX00659,ASK039,2025-10-15,367.27,API-käyttö,Jälleenmyyjä
TX00438,ASK029,2025-10-16,3626.42,Lisäkäyttäjät,Verkkokauppa
TX00446,ASK029,2025-10-16,3688.26,Koulutus,Suoramyynti
TX00593,ASK036,2025-10-16,4338.57,Lisäkäyttäjät,Verkkokauppa
TX00248,ASK016,2025-10-17,2073.33,Premium-lisenssi,Suoramyynti
TX00863,ASK051,2025-10-17,559.27,API-käyttö,Verkkokauppa
TX00364,ASK025,2025-10-18,457.3,Ylläpitosopimus,Suoramyynti
TX00367,ASK025,2025-10-18,1162.1,Koulutus,Verkkokauppa
TX00433,ASK029,2025-10-18,2480.29,Datapaketti,Jälleenmyyjä
TX00228,ASK015,2025-10-20,2523.84,Ylläpitosopimus,Kumppani
TX00278,ASK018,2025-10-20,3284.98,Tukipalvelu,Verkkokauppa
TX00319,ASK021,2025-10-20,464.85,Datapaketti,Kumppani
TX00482,ASK031,2025-10-20,7237.87,API-käyttö,Suoramyynti
TX00899,ASK053,2025-10-20,9368.41,API-käyttö,Jälleenmyyjä
TX00192,ASK014,2025-10-22,1882.1,Lisäkäyttäjät,Suoramyynti
TX00573,ASK036,2025-10-22,7287.52,Lisäkäyttäjät,Kumppani
TX00488,ASK031,2025-10-24,2440.47,Datapaketti,Jälleenmyyjä
TX00214,ASK015,2025-10-28,3563.77,API-käyttö,Verkkokauppa
TX00665,ASK040,2025-10-28,3028.92,Lisäkäyttäjät,Suoramyynti
TX00966,ASK056,2025-10-29,485.24,API-käyttö,Suoramyynti
TX00847,ASK050,2025-10-30,1797.72,Tukipalvelu,Suoramyynti
TX00443,ASK029,2025-10-31,1884.95,Konsultointi,Suoramyynti
TX00612,ASK037,2025-10-31,3154.36,Koulutus,Jälleenmyyjä
TX00145,ASK010,2025-11-01,3862.66,Premium-lisenssi,Suoramyynti
TX00505,ASK033,2025-11-01,1363.85,Integraatio,Suoramyynti
TX00859,ASK050,2025-11-01,1883.97,Konsultointi,Suoramyynti
TX00257,ASK017,2025-11-02,133.91,Datapaketti,Suoramyynti
TX00400,ASK027,2025-11-02,3256.61,Ylläpitosopimus,Verkkokauppa
TX00274,ASK018,2025-11-03,3844.69,Ylläpitosopimus,Jälleenmyyjä
TX00734,ASK042,2025-11-03,3753.34,API-käyttö,Jälleenmyyjä
TX00911,ASK053,2025-11-03,4742.69,Datapaketti,Suoramyynti
TX00696,ASK041,2025-11-04,4847.83,Koulutus,Suoramyynti
TX00837,ASK049,2025-11-04,1285.5,Tukipalvelu,Suoramyynti
TX00206,ASK014,2025-11-05,2409.5,Datapaketti,Verkkokauppa
TX00302,ASK020,2025-11-05,652.29,Tukipalvelu,Suoramyynti
TX00365,ASK025,2025-11-05,990.64,Ylläpitosopimus,Suoramyynti
TX00912,ASK053,2025-11-05,3596.15,Integraatio,Suoramyynti
TX00513,ASK033,2025-11-06,830.79,Peruslisenssi,Verkkokauppa
TX00980,ASK058,2025-11-07,113.87,Tukipalvelu,Verkkokauppa
TX00064,ASK005,2025-11-08,1920.65,API-käyttö,Verkkokauppa
TX00237,ASK016,2025-11-08,2093.81,Ylläpitosopimus,Suoramyynti
TX00868,ASK051,2025-11-08,378.15,API-käyttö,Suoramyynti
TX00703,ASK041,2025-11-09,9610.17,Konsultointi,Suoramyynti
TX00826,ASK048,2025-11-09,534.92,Integraatio,Verkkokauppa
TX00450,ASK029,2025-11-11,3394.96,Konsultointi,Verkkokauppa
TX00222,ASK015,2025-11-12,3769.26,Lisäkäyttäjät,Jälleenmyyjä
TX00933,ASK054,2025-11-12,637.19,Premium-lisenssi,Jälleenmyyjä
TX00240,ASK016,2025-11-14,1719.28,Konsultointi,Suoramyynti
TX00046,ASK003,2025-11-15,1054.6,Lisäkäyttäjät,Verkkokauppa
TX00072,ASK005,2025-11-15,1947.93,Peruslisenssi,Suoramyynti
TX00245,ASK016,2025-11-15,3332.09,Premium-lisenssi,Suoramyynti
TX00757,ASK044,2025-11-17,1007.75,Integraatio,Suoramyynti
TX00836,ASK049,2025-11-18,679.44,Koulutus,Jälleenmyyjä
TX00990,ASK060,2025-11-18,338.81,Premium-lisenssi,Suoramyynti
TX00992,ASK060,2025-11-18,1026.9,Premium-lisenssi,Suoramyynti
TX00919,ASK053,2025-11-19,6569.37,Datapaketti,Suoramyynti
TX00398,ASK027,2025-11-20,1075.12,Lisäkäyttäjät,Verkkokauppa
TX00112,ASK008,2025-11-21,1238.07,Ylläpitosopimus,Verkkokauppa
TX00177,ASK013,2025-11-21,1406.53,API-käyttö,Suoramyynti
TX00410,ASK028,2025-11-23,3221.25,Koulutus,Verkkokauppa
TX00625,ASK037,2025-11-23,1992.35,Tukipalvelu,Verkkokauppa
TX00881,ASK052,2025-11-24,1733.17,Premium-lisenssi,Suoramyynti
TX00655,ASK038,2025-11-25,4107.86,Peruslisenssi,Jälleenmyyjä
TX00894,ASK052,2025-11-25,2420.41,Ylläpitosopimus,Verkkokauppa
TX00932,ASK054,2025-11-25,1400.96,Tukipalvelu,Verkkokauppa
TX00336,ASK022,2025-11-26,1238.36,Peruslisenssi,Suoramyynti
TX00621,ASK037,2025-11-26,3361.19,Tukipalvelu,Kumppani
TX00539,ASK035,2025-11-27,6545.59,Lisäkäyttäjät,Suoramyynti
TX00403,ASK027,2025-11-28,1504.72,Ylläpitosopimus,Kumppani
TX00820,ASK047,2025-11-29,1872.07,Tukipalvelu,Verkkokauppa
TX00004,ASK001,2025-11-30,1345.74,Integraatio,Suoramyynti
TX00466,ASK031,2025-11-30,9609.57,API-käyttö,Suoramyynti
TX00790,ASK047,2025-11-30,5326.69,Tukipalvelu,Jälleenmyyjä
TX00891,ASK052,2025-12-01,3571.04,Tukipalvelu,Suoramyynti
TX00279,ASK018,2025-12-02,3676.33,Premium-lisenssi,Verkkokauppa
TX00370,ASK025,2025-12-02,735.13,Datapaketti,Suoramyynti
TX00804,ASK047,2025-12-02,2595.56,Konsultointi,Suoramyynti
TX00093,ASK006,2025-12-03,893.69,Tukipalvelu,Jälleenmyyjä
TX00710,ASK041,2025-12-03,4264.14,Ylläpitosopimus,Suoramyynti
TX00218,ASK015,2025-12-04,3710.47,Premium-lisenssi,Suoramyynti
TX00763,ASK044,2025-12-04,523.93,Datapaketti,Suoramyynti
TX00013,ASK001,2025-12-05,3703.3,Ylläpitosopimus,Suoramyynti
TX00399,ASK027,2025-12-05,2758.8,Ylläpitosopimus,Suoramyynti
TX00896,ASK052,2025-12-05,2989.88,Premium-lisenssi,Suoramyynti
TX00533,ASK034,2025-12-06,3066.29,API-käyttö,Verkkokauppa
TX00015,ASK001,2025-12-07,2043.19,Lisäkäyttäjät,Verkkokauppa
TX00250,ASK016,2025-12-07,3700.05,Premium-lisenssi,Suoramyynti
TX00526,ASK034,2025-12-09,3595.68,Datapaketti,Suoramyynti
TX00569,ASK035,2025-12-09,5188.24,Peruslisenssi,Jälleenmyyjä
TX00012,ASK001,2025-12-11,1358.39,Lisäkäyttäjät,Suoramyynti
TX00152,ASK011,2025-12-11,610.38,Peruslisenssi,Suoramyynti
TX00229,ASK015,2025-12-11,1586.53,Tukipalvelu,Suoramyynti
TX00695,ASK041,2025-12-11,8905.31,Integraatio,Suoramyynti
TX00560,ASK035,2025-12-12,6926.51,Ylläpitosopimus,Jälleenmyyjä
TX00029,ASK002,2025-12-13,866.01,Peruslisenssi,Verkkokauppa
TX00888,ASK052,2025-12-13,3073.57,Tukipalvelu,Suoramyynti
TX00187,ASK014,2025-12-14,3784.96,Lisäkäyttäjät,Verkkokauppa
TX00635,ASK038,2025-12-14,8149.51,Datapaketti,Suoramyynti
TX00681,ASK040,2025-12-14,3061.8,Konsultointi,Verkkokauppa
TX00139,ASK010,2025-12-15,1493.73,Lisäkäyttäjät,Suoramyynti
TX00516,ASK034,2025-12-15,2903.87,Tukipalvelu,Suoramyynti
TX00164,ASK012,2025-12-17,605.42,Lisäkäyttäjät,Suoramyynti
TX00350,ASK023,2025-12-18,1006.11,Integraatio,Verkkokauppa
TX00449,ASK029,2025-12-19,2499.52,Datapaketti,Jälleenmyyjä
TX00929,ASK053,2025-12-19,6237.23,Integraatio,Verkkokauppa
TX00970,ASK057,2025-12-20,495.39,Lisäkäyttäjät,Verkkokauppa
TX00627,ASK038,2025-12-21,8236.25,Premium-lisenssi,Suoramyynti
TX00941,ASK054,2025-12-21,1125.21,Konsultointi,Verkkokauppa
TX00413,ASK028,2025-12-22,1391.58,Datapaketti,Suoramyynti
TX00768,ASK044,2025-12-22,296.26,Tukipalvelu,Verkkokauppa
TX00485,ASK031,2025-12-25,2969.25,Datapaketti,Kumppani
TX00087,ASK006,2025-12-26,2450.6,Koulutus,Suoramyynti
TX00277,ASK018,2025-12-26,3759.13,Koulutus,Verkkokauppa
TX00361,ASK024,2025-12-27,201.46,API-käyttö,Jälleenmyyjä
TX00616,ASK037,2025-12-28,2697.25,Lisäkäyttäjät,Suoramyynti
TX00624,ASK037,2025-12-29,1763.59,Konsultointi,Jälleenmyyjä
TX00530,ASK034,2025-12-30,3379.72,Premium-lisenssi,Suoramyynti
TX00347,ASK023,2025-12-31,780.78,Premium-lisenssi,Jälleenmyyjä
